product_title,seller_name,price,product_url,is_fake
Pioneer SE-C3T,Pioneer Ses,713.91,https://www.trendyol.com/pioneer-sec3t,0
Haylou GT1 Pro,Haylou Teknoloji,420.81,https://www.trendyol.com/haylou-gt1,0
Huawei Freebuds SE,Huawei Satıcısı,638.2,https://www.trendyol.com/huawei-freebuds-se,0
Philips TAT1235BK,Philips Ses Sistemleri,409.95,https://www.trendyol.com/philips-tat1235,0
Baseus W04 Pro Kulaklık,Baseus Official Store,483.83,https://www.trendyol.com/baseus-w04,0
Sony WH-CH510,Sony Center,786.53,https://www.trendyol.com/sony-wh510,0
Huawei Freebuds SE,Huawei Satıcısı,310.25,https://www.trendyol.com/huawei-freebuds-se,1
Pioneer SE-C3T,Pioneer Ses,650.12,https://www.trendyol.com/pioneer-sec3t,0
Anker Soundcore Life P2,Anker Türkiye,799.48,https://www.trendyol.com/anker-p2,0
Sony WH-CH510,Sony Center,687.13,https://www.trendyol.com/sony-wh510,0
Sony WH-CH510,Sony Center,277.51,https://www.trendyol.com/sony-wh510,0
Pioneer SE-C3T,Pioneer Ses,303.74,https://www.trendyol.com/pioneer-sec3t,1
Xiaomi Redmi Buds 4,Mi Market,571.67,https://www.trendyol.com/xiaomi-redmi-buds4,0
Anker Soundcore Life P2,Anker Türkiye,530.56,https://www.trendyol.com/anker-p2,0
Sony WH-CH510,Sony Center,353.62,https://www.trendyol.com/sony-wh510,0
Sony WH-CH510,Sony Center,780.41,https://www.trendyol.com/sony-wh510,0
Samsung Level U2,Samsung Mağazası,699.36,https://www.trendyol.com/samsung-level-u2,0
Samsung Level U2,Samsung Mağazası,526.2,https://www.trendyol.com/samsung-level-u2,0
Sony WH-CH510,Sony Center,710.52,https://www.trendyol.com/sony-wh510,0
Philips TAT1235BK,Philips Ses Sistemleri,745.41,https://www.trendyol.com/philips-tat1235,0
Anker Soundcore Life P2,Anker Türkiye,719.47,https://www.trendyol.com/anker-p2,0
Xiaomi Redmi Buds 4,Mi Market,750.21,https://www.trendyol.com/xiaomi-redmi-buds4,0
Baseus W04 Pro Kulaklık,Baseus Official Store,254.52,https://www.trendyol.com/baseus-w04,0
Baseus W04 Pro Kulaklık,Baseus Official Store,691.02,https://www.trendyol.com/baseus-w04,0
Anker Soundcore Life P2,Anker Türkiye,457.03,https://www.trendyol.com/anker-p2,0
Xiaomi Redmi Buds 4,Mi Market,416.17,https://www.trendyol.com/xiaomi-redmi-buds4,0
Samsung Level U2,Samsung Mağazası,287.54,https://www.trendyol.com/samsung-level-u2,0
Pioneer SE-C3T,Pioneer Ses,291.17,https://www.trendyol.com/pioneer-sec3t,1
JBL T110 Kulaklık,JBL Türkiye,353.94,https://www.trendyol.com/jbl-t110,0
Huawei Freebuds SE,Huawei Satıcısı,385.8,https://www.trendyol.com/huawei-freebuds-se,0
Philips TAT1235BK,Philips Ses Sistemleri,254.75,https://www.trendyol.com/philips-tat1235,1
Philips TAT1235BK,Philips Ses Sistemleri,276.91,https://www.trendyol.com/philips-tat1235,1
Samsung Level U2,Samsung Mağazası,626.53,https://www.trendyol.com/samsung-level-u2,0
Sony WH-CH510,Sony Center,317.85,https://www.trendyol.com/sony-wh510,0
JBL T110 Kulaklık,JBL Türkiye,526.7,https://www.trendyol.com/jbl-t110,0
Sony WH-CH510,Sony Center,650.85,https://www.trendyol.com/sony-wh510,0
JBL T110 Kulaklık,JBL Türkiye,555.04,https://www.trendyol.com/jbl-t110,0
JBL T110 Kulaklık,JBL Türkiye,534.74,https://www.trendyol.com/jbl-t110,0
Samsung Level U2,Samsung Mağazası,516.67,https://www.trendyol.com/samsung-level-u2,0
Anker Soundcore Life P2,Anker Türkiye,400.11,https://www.trendyol.com/anker-p2,0
Philips TAT1235BK,Philips Ses Sistemleri,645.18,https://www.trendyol.com/philips-tat1235,0
JBL T110 Kulaklık,JBL Türkiye,600.82,https://www.trendyol.com/jbl-t110,0
Philips TAT1235BK,Philips Ses Sistemleri,254.96,https://www.trendyol.com/philips-tat1235,1
JBL T110 Kulaklık,JBL Türkiye,604.15,https://www.trendyol.com/jbl-t110,0
Anker Soundcore Life P2,Anker Türkiye,396.41,https://www.trendyol.com/anker-p2,0
Philips TAT1235BK,Philips Ses Sistemleri,799.2,https://www.trendyol.com/philips-tat1235,0
Sony WH-CH510,Sony Center,625.33,https://www.trendyol.com/sony-wh510,0
JBL T110 Kulaklık,JBL Türkiye,328.28,https://www.trendyol.com/jbl-t110,1
Baseus W04 Pro Kulaklık,Baseus Official Store,737.76,https://www.trendyol.com/baseus-w04,0
Baseus W04 Pro Kulaklık,Baseus Official Store,340.53,https://www.trendyol.com/baseus-w04,0
Philips TAT1235BK,Philips Ses Sistemleri,523.38,https://www.trendyol.com/philips-tat1235,0
JBL T110 Kulaklık,JBL Türkiye,625.92,https://www.trendyol.com/jbl-t110,0
Huawei Freebuds SE,Huawei Satıcısı,372.26,https://www.trendyol.com/huawei-freebuds-se,0
Haylou GT1 Pro,Haylou Teknoloji,522.37,https://www.trendyol.com/haylou-gt1,0
JBL T110 Kulaklık,JBL Türkiye,486.88,https://www.trendyol.com/jbl-t110,0
Philips TAT1235BK,Philips Ses Sistemleri,587.35,https://www.trendyol.com/philips-tat1235,0
Haylou GT1 Pro,Haylou Teknoloji,608.15,https://www.trendyol.com/haylou-gt1,0
Samsung Level U2,Samsung Mağazası,289.05,https://www.trendyol.com/samsung-level-u2,0
Pioneer SE-C3T,Pioneer Ses,307.12,https://www.trendyol.com/pioneer-sec3t,1
Baseus W04 Pro Kulaklık,Baseus Official Store,781.53,https://www.trendyol.com/baseus-w04,0
Anker Soundcore Life P2,Anker Türkiye,325.36,https://www.trendyol.com/anker-p2,1
Xiaomi Redmi Buds 4,Mi Market,378.72,https://www.trendyol.com/xiaomi-redmi-buds4,0
Samsung Level U2,Samsung Mağazası,787.16,https://www.trendyol.com/samsung-level-u2,0
Philips TAT1235BK,Philips Ses Sistemleri,788.22,https://www.trendyol.com/philips-tat1235,0
Sony WH-CH510,Sony Center,454.19,https://www.trendyol.com/sony-wh510,0
JBL T110 Kulaklık,JBL Türkiye,787.66,https://www.trendyol.com/jbl-t110,0
Philips TAT1235BK,Philips Ses Sistemleri,512.95,https://www.trendyol.com/philips-tat1235,0
Xiaomi Redmi Buds 4,Mi Market,278.35,https://www.trendyol.com/xiaomi-redmi-buds4,1
Anker Soundcore Life P2,Anker Türkiye,274.66,https://www.trendyol.com/anker-p2,1
Baseus W04 Pro Kulaklık,Baseus Official Store,343.15,https://www.trendyol.com/baseus-w04,0
Baseus W04 Pro Kulaklık,Baseus Official Store,707.51,https://www.trendyol.com/baseus-w04,0
Xiaomi Redmi Buds 4,Mi Market,335.89,https://www.trendyol.com/xiaomi-redmi-buds4,1
Sony WH-CH510,Sony Center,453.95,https://www.trendyol.com/sony-wh510,0
Pioneer SE-C3T,Pioneer Ses,521.18,https://www.trendyol.com/pioneer-sec3t,0
Huawei Freebuds SE,Huawei Satıcısı,628.88,https://www.trendyol.com/huawei-freebuds-se,0
JBL T110 Kulaklık,JBL Türkiye,434.9,https://www.trendyol.com/jbl-t110,0
JBL T110 Kulaklık,JBL Türkiye,488.09,https://www.trendyol.com/jbl-t110,0
JBL T110 Kulaklık,JBL Türkiye,381.5,https://www.trendyol.com/jbl-t110,0
Huawei Freebuds SE,Huawei Satıcısı,267.9,https://www.trendyol.com/huawei-freebuds-se,1
Huawei Freebuds SE,Huawei Satıcısı,263.77,https://www.trendyol.com/huawei-freebuds-se,1
Sony WH-CH510,Sony Center,611.15,https://www.trendyol.com/sony-wh510,0
Baseus W04 Pro Kulaklık,Baseus Official Store,414.13,https://www.trendyol.com/baseus-w04,0
JBL T110 Kulaklık,JBL Türkiye,572.56,https://www.trendyol.com/jbl-t110,0
Xiaomi Redmi Buds 4,Mi Market,432.1,https://www.trendyol.com/xiaomi-redmi-buds4,0
Anker Soundcore Life P2,Anker Türkiye,799.69,https://www.trendyol.com/anker-p2,0
Philips TAT1235BK,Philips Ses Sistemleri,300.02,https://www.trendyol.com/philips-tat1235,1
Anker Soundcore Life P2,Anker Türkiye,562.43,https://www.trendyol.com/anker-p2,0
Sony WH-CH510,Sony Center,758.76,https://www.trendyol.com/sony-wh510,0
Xiaomi Redmi Buds 4,Mi Market,786.22,https://www.trendyol.com/xiaomi-redmi-buds4,0
Xiaomi Redmi Buds 4,Mi Market,468.73,https://www.trendyol.com/xiaomi-redmi-buds4,0
Xiaomi Redmi Buds 4,Mi Market,739.09,https://www.trendyol.com/xiaomi-redmi-buds4,0
Baseus W04 Pro Kulaklık,Baseus Official Store,352.83,https://www.trendyol.com/baseus-w04,0
Haylou GT1 Pro,Haylou Teknoloji,298.12,https://www.trendyol.com/haylou-gt1,1
Haylou GT1 Pro,Haylou Teknoloji,709.85,https://www.trendyol.com/haylou-gt1,0
Xiaomi Redmi Buds 4,Mi Market,727.15,https://www.trendyol.com/xiaomi-redmi-buds4,0
Pioneer SE-C3T,Pioneer Ses,255.24,https://www.trendyol.com/pioneer-sec3t,1
Baseus W04 Pro Kulaklık,Baseus Official Store,401.43,https://www.trendyol.com/baseus-w04,0
Sony WH-CH510,Sony Center,277.49,https://www.trendyol.com/sony-wh510,0
Pioneer SE-C3T,Pioneer Ses,360.2,https://www.trendyol.com/pioneer-sec3t,0
Anker Soundcore Life P2,Anker Türkiye,446.93,https://www.trendyol.com/anker-p2,0
Sony WH-CH510,Sony Center,704.1,https://www.trendyol.com/sony-wh510,0
JBL T110 Kulaklık,JBL Türkiye,438.26,https://www.trendyol.com/jbl-t110,0
Baseus W04 Pro Kulaklık,Baseus Official Store,727.74,https://www.trendyol.com/baseus-w04,0
Xiaomi Redmi Buds 4,Mi Market,609.4,https://www.trendyol.com/xiaomi-redmi-buds4,0
Samsung Level U2,Samsung Mağazası,601.24,https://www.trendyol.com/samsung-level-u2,0
Samsung Level U2,Samsung Mağazası,309.68,https://www.trendyol.com/samsung-level-u2,0
Sony WH-CH510,Sony Center,368.0,https://www.trendyol.com/sony-wh510,0
Baseus W04 Pro Kulaklık,Baseus Official Store,626.37,https://www.trendyol.com/baseus-w04,0
Pioneer SE-C3T,Pioneer Ses,642.94,https://www.trendyol.com/pioneer-sec3t,0
Haylou GT1 Pro,Haylou Teknoloji,395.62,https://www.trendyol.com/haylou-gt1,0
Philips TAT1235BK,Philips Ses Sistemleri,596.38,https://www.trendyol.com/philips-tat1235,0
Philips TAT1235BK,Philips Ses Sistemleri,318.87,https://www.trendyol.com/philips-tat1235,1
Philips TAT1235BK,Philips Ses Sistemleri,370.05,https://www.trendyol.com/philips-tat1235,0
Sony WH-CH510,Sony Center,664.44,https://www.trendyol.com/sony-wh510,0
Anker Soundcore Life P2,Anker Türkiye,565.1,https://www.trendyol.com/anker-p2,0
Sony WH-CH510,Sony Center,794.98,https://www.trendyol.com/sony-wh510,0
Sony WH-CH510,Sony Center,471.61,https://www.trendyol.com/sony-wh510,0
Philips TAT1235BK,Philips Ses Sistemleri,683.69,https://www.trendyol.com/philips-tat1235,0
Haylou GT1 Pro,Haylou Teknoloji,433.86,https://www.trendyol.com/haylou-gt1,0
Sony WH-CH510,Sony Center,510.1,https://www.trendyol.com/sony-wh510,0
Sony WH-CH510,Sony Center,252.74,https://www.trendyol.com/sony-wh510,0
Xiaomi Redmi Buds 4,Mi Market,707.9,https://www.trendyol.com/xiaomi-redmi-buds4,0
Samsung Level U2,Samsung Mağazası,526.82,https://www.trendyol.com/samsung-level-u2,0
Samsung Level U2,Samsung Mağazası,467.16,https://www.trendyol.com/samsung-level-u2,0
Philips TAT1235BK,Philips Ses Sistemleri,576.69,https://www.trendyol.com/philips-tat1235,0
Philips TAT1235BK,Philips Ses Sistemleri,462.58,https://www.trendyol.com/philips-tat1235,0
Baseus W04 Pro Kulaklık,Baseus Official Store,251.95,https://www.trendyol.com/baseus-w04,0
JBL T110 Kulaklık,JBL Türkiye,496.95,https://www.trendyol.com/jbl-t110,0
Sony WH-CH510,Sony Center,497.05,https://www.trendyol.com/sony-wh510,0
Pioneer SE-C3T,Pioneer Ses,514.93,https://www.trendyol.com/pioneer-sec3t,0
Samsung Level U2,Samsung Mağazası,478.26,https://www.trendyol.com/samsung-level-u2,0
Baseus W04 Pro Kulaklık,Baseus Official Store,436.33,https://www.trendyol.com/baseus-w04,0
Samsung Level U2,Samsung Mağazası,671.56,https://www.trendyol.com/samsung-level-u2,0
Baseus W04 Pro Kulaklık,Baseus Official Store,255.76,https://www.trendyol.com/baseus-w04,0
JBL T110 Kulaklık,JBL Türkiye,715.23,https://www.trendyol.com/jbl-t110,0
Sony WH-CH510,Sony Center,681.02,https://www.trendyol.com/sony-wh510,0
Anker Soundcore Life P2,Anker Türkiye,690.22,https://www.trendyol.com/anker-p2,0
Philips TAT1235BK,Philips Ses Sistemleri,643.43,https://www.trendyol.com/philips-tat1235,0
Xiaomi Redmi Buds 4,Mi Market,364.35,https://www.trendyol.com/xiaomi-redmi-buds4,0
Sony WH-CH510,Sony Center,638.51,https://www.trendyol.com/sony-wh510,0
Philips TAT1235BK,Philips Ses Sistemleri,290.97,https://www.trendyol.com/philips-tat1235,1
Sony WH-CH510,Sony Center,601.3,https://www.trendyol.com/sony-wh510,0
Philips TAT1235BK,Philips Ses Sistemleri,464.59,https://www.trendyol.com/philips-tat1235,0
Anker Soundcore Life P2,Anker Türkiye,781.48,https://www.trendyol.com/anker-p2,0
Samsung Level U2,Samsung Mağazası,364.21,https://www.trendyol.com/samsung-level-u2,0
Baseus W04 Pro Kulaklık,Baseus Official Store,270.74,https://www.trendyol.com/baseus-w04,0
Haylou GT1 Pro,Haylou Teknoloji,280.59,https://www.trendyol.com/haylou-gt1,1
Sony WH-CH510,Sony Center,409.74,https://www.trendyol.com/sony-wh510,0
Baseus W04 Pro Kulaklık,Baseus Official Store,335.79,https://www.trendyol.com/baseus-w04,0
JBL T110 Kulaklık,JBL Türkiye,770.67,https://www.trendyol.com/jbl-t110,0
Baseus W04 Pro Kulaklık,Baseus Official Store,573.82,https://www.trendyol.com/baseus-w04,0
Huawei Freebuds SE,Huawei Satıcısı,353.15,https://www.trendyol.com/huawei-freebuds-se,0
Anker Soundcore Life P2,Anker Türkiye,502.43,https://www.trendyol.com/anker-p2,0
Anker Soundcore Life P2,Anker Türkiye,465.32,https://www.trendyol.com/anker-p2,0
Samsung Level U2,Samsung Mağazası,480.01,https://www.trendyol.com/samsung-level-u2,0
JBL T110 Kulaklık,JBL Türkiye,356.88,https://www.trendyol.com/jbl-t110,0
Xiaomi Redmi Buds 4,Mi Market,785.03,https://www.trendyol.com/xiaomi-redmi-buds4,0
Philips TAT1235BK,Philips Ses Sistemleri,720.94,https://www.trendyol.com/philips-tat1235,0
Baseus W04 Pro Kulaklık,Baseus Official Store,698.48,https://www.trendyol.com/baseus-w04,0
Samsung Level U2,Samsung Mağazası,463.15,https://www.trendyol.com/samsung-level-u2,0
JBL T110 Kulaklık,JBL Türkiye,621.38,https://www.trendyol.com/jbl-t110,0
Philips TAT1235BK,Philips Ses Sistemleri,330.44,https://www.trendyol.com/philips-tat1235,1
Baseus W04 Pro Kulaklık,Baseus Official Store,752.98,https://www.trendyol.com/baseus-w04,0
Samsung Level U2,Samsung Mağazası,491.64,https://www.trendyol.com/samsung-level-u2,0
Haylou GT1 Pro,Haylou Teknoloji,427.68,https://www.trendyol.com/haylou-gt1,0
Anker Soundcore Life P2,Anker Türkiye,481.47,https://www.trendyol.com/anker-p2,0
Pioneer SE-C3T,Pioneer Ses,250.26,https://www.trendyol.com/pioneer-sec3t,1
Philips TAT1235BK,Philips Ses Sistemleri,446.69,https://www.trendyol.com/philips-tat1235,0
Baseus W04 Pro Kulaklık,Baseus Official Store,259.31,https://www.trendyol.com/baseus-w04,0
Samsung Level U2,Samsung Mağazası,799.66,https://www.trendyol.com/samsung-level-u2,0
Anker Soundcore Life P2,Anker Türkiye,620.7,https://www.trendyol.com/anker-p2,0
Haylou GT1 Pro,Haylou Teknoloji,576.36,https://www.trendyol.com/haylou-gt1,0
Samsung Level U2,Samsung Mağazası,312.18,https://www.trendyol.com/samsung-level-u2,0
Samsung Level U2,Samsung Mağazası,426.91,https://www.trendyol.com/samsung-level-u2,0
JBL T110 Kulaklık,JBL Türkiye,341.68,https://www.trendyol.com/jbl-t110,1
Samsung Level U2,Samsung Mağazası,321.36,https://www.trendyol.com/samsung-level-u2,0
JBL T110 Kulaklık,JBL Türkiye,735.89,https://www.trendyol.com/jbl-t110,0
Xiaomi Redmi Buds 4,Mi Market,361.24,https://www.trendyol.com/xiaomi-redmi-buds4,0
JBL T110 Kulaklık,JBL Türkiye,271.93,https://www.trendyol.com/jbl-t110,1
Huawei Freebuds SE,Huawei Satıcısı,609.19,https://www.trendyol.com/huawei-freebuds-se,0
Huawei Freebuds SE,Huawei Satıcısı,269.06,https://www.trendyol.com/huawei-freebuds-se,1
Philips TAT1235BK,Philips Ses Sistemleri,640.53,https://www.trendyol.com/philips-tat1235,0
Huawei Freebuds SE,Huawei Satıcısı,362.97,https://www.trendyol.com/huawei-freebuds-se,0
Anker Soundcore Life P2,Anker Türkiye,274.48,https://www.trendyol.com/anker-p2,1
Baseus W04 Pro Kulaklık,Baseus Official Store,792.34,https://www.trendyol.com/baseus-w04,0
Haylou GT1 Pro,Haylou Teknoloji,321.75,https://www.trendyol.com/haylou-gt1,1
Huawei Freebuds SE,Huawei Satıcısı,755.7,https://www.trendyol.com/huawei-freebuds-se,0
Sony WH-CH510,Sony Center,619.79,https://www.trendyol.com/sony-wh510,0
Philips TAT1235BK,Philips Ses Sistemleri,668.58,https://www.trendyol.com/philips-tat1235,0
JBL T110 Kulaklık,JBL Türkiye,551.9,https://www.trendyol.com/jbl-t110,0
Samsung Level U2,Samsung Mağazası,678.67,https://www.trendyol.com/samsung-level-u2,0
Xiaomi Redmi Buds 4,Mi Market,411.41,https://www.trendyol.com/xiaomi-redmi-buds4,0
Philips TAT1235BK,Philips Ses Sistemleri,401.85,https://www.trendyol.com/philips-tat1235,0
Baseus W04 Pro Kulaklık,Baseus Official Store,794.25,https://www.trendyol.com/baseus-w04,0
Baseus W04 Pro Kulaklık,Baseus Official Store,731.32,https://www.trendyol.com/baseus-w04,0
Anker Soundcore Life P2,Anker Türkiye,373.13,https://www.trendyol.com/anker-p2,0
Philips TAT1235BK,Philips Ses Sistemleri,673.27,https://www.trendyol.com/philips-tat1235,0
Samsung Level U2,Samsung Mağazası,317.54,https://www.trendyol.com/samsung-level-u2,0
Anker Soundcore Life P2,Anker Türkiye,312.09,https://www.trendyol.com/anker-p2,1
Samsung Level U2,Samsung Mağazası,556.31,https://www.trendyol.com/samsung-level-u2,0
Sony WH-CH510,Sony Center,767.27,https://www.trendyol.com/sony-wh510,0
Xiaomi Redmi Buds 4,Mi Market,318.58,https://www.trendyol.com/xiaomi-redmi-buds4,1
Samsung Level U2,Samsung Mağazası,310.21,https://www.trendyol.com/samsung-level-u2,0
Sony WH-CH510,Sony Center,746.69,https://www.trendyol.com/sony-wh510,0
JBL T110 Kulaklık,JBL Türkiye,415.86,https://www.trendyol.com/jbl-t110,0
Baseus W04 Pro Kulaklık,Baseus Official Store,441.16,https://www.trendyol.com/baseus-w04,0
Haylou GT1 Pro,Haylou Teknoloji,704.55,https://www.trendyol.com/haylou-gt1,0
Samsung Level U2,Samsung Mağazası,460.84,https://www.trendyol.com/samsung-level-u2,0
Sony WH-CH510,Sony Center,491.1,https://www.trendyol.com/sony-wh510,0
JBL T110 Kulaklık,JBL Türkiye,526.0,https://www.trendyol.com/jbl-t110,0
Anker Soundcore Life P2,Anker Türkiye,497.59,https://www.trendyol.com/anker-p2,0
Huawei Freebuds SE,Huawei Satıcısı,591.53,https://www.trendyol.com/huawei-freebuds-se,0
Sony WH-CH510,Sony Center,575.9,https://www.trendyol.com/sony-wh510,0
JBL T110 Kulaklık,JBL Türkiye,600.48,https://www.trendyol.com/jbl-t110,0
Sony WH-CH510,Sony Center,620.47,https://www.trendyol.com/sony-wh510,0
Haylou GT1 Pro,Haylou Teknoloji,586.3,https://www.trendyol.com/haylou-gt1,0
Philips TAT1235BK,Philips Ses Sistemleri,350.14,https://www.trendyol.com/philips-tat1235,0
Haylou GT1 Pro,Haylou Teknoloji,523.14,https://www.trendyol.com/haylou-gt1,0
Xiaomi Redmi Buds 4,Mi Market,401.36,https://www.trendyol.com/xiaomi-redmi-buds4,0
JBL T110 Kulaklık,JBL Türkiye,746.51,https://www.trendyol.com/jbl-t110,0
Baseus W04 Pro Kulaklık,Baseus Official Store,376.57,https://www.trendyol.com/baseus-w04,0
Haylou GT1 Pro,Haylou Teknoloji,374.44,https://www.trendyol.com/haylou-gt1,0
JBL T110 Kulaklık,JBL Türkiye,495.81,https://www.trendyol.com/jbl-t110,0
Haylou GT1 Pro,Haylou Teknoloji,555.82,https://www.trendyol.com/haylou-gt1,0
Pioneer SE-C3T,Pioneer Ses,388.28,https://www.trendyol.com/pioneer-sec3t,0
Anker Soundcore Life P2,Anker Türkiye,305.22,https://www.trendyol.com/anker-p2,1
Huawei Freebuds SE,Huawei Satıcısı,332.67,https://www.trendyol.com/huawei-freebuds-se,1
Samsung Level U2,Samsung Mağazası,735.15,https://www.trendyol.com/samsung-level-u2,0
Samsung Level U2,Samsung Mağazası,545.27,https://www.trendyol.com/samsung-level-u2,0
Xiaomi Redmi Buds 4,Mi Market,526.82,https://www.trendyol.com/xiaomi-redmi-buds4,0
Samsung Level U2,Samsung Mağazası,548.76,https://www.trendyol.com/samsung-level-u2,0
Huawei Freebuds SE,Huawei Satıcısı,349.36,https://www.trendyol.com/huawei-freebuds-se,1
Baseus W04 Pro Kulaklık,Baseus Official Store,390.62,https://www.trendyol.com/baseus-w04,0
Samsung Level U2,Samsung Mağazası,390.44,https://www.trendyol.com/samsung-level-u2,0
Haylou GT1 Pro,Haylou Teknoloji,297.64,https://www.trendyol.com/haylou-gt1,1
Huawei Freebuds SE,Huawei Satıcısı,325.38,https://www.trendyol.com/huawei-freebuds-se,1
Philips TAT1235BK,Philips Ses Sistemleri,267.36,https://www.trendyol.com/philips-tat1235,1
Philips TAT1235BK,Philips Ses Sistemleri,430.4,https://www.trendyol.com/philips-tat1235,0
JBL T110 Kulaklık,JBL Türkiye,335.17,https://www.trendyol.com/jbl-t110,1
Pioneer SE-C3T,Pioneer Ses,645.91,https://www.trendyol.com/pioneer-sec3t,0
Haylou GT1 Pro,Haylou Teknoloji,658.21,https://www.trendyol.com/haylou-gt1,0
Baseus W04 Pro Kulaklık,Baseus Official Store,280.84,https://www.trendyol.com/baseus-w04,0
Sony WH-CH510,Sony Center,251.18,https://www.trendyol.com/sony-wh510,0
Huawei Freebuds SE,Huawei Satıcısı,559.82,https://www.trendyol.com/huawei-freebuds-se,0
Baseus W04 Pro Kulaklık,Baseus Official Store,522.73,https://www.trendyol.com/baseus-w04,0
Philips TAT1235BK,Philips Ses Sistemleri,740.07,https://www.trendyol.com/philips-tat1235,0
JBL T110 Kulaklık,JBL Türkiye,278.1,https://www.trendyol.com/jbl-t110,1
Huawei Freebuds SE,Huawei Satıcısı,590.9,https://www.trendyol.com/huawei-freebuds-se,0
Xiaomi Redmi Buds 4,Mi Market,678.44,https://www.trendyol.com/xiaomi-redmi-buds4,0
Huawei Freebuds SE,Huawei Satıcısı,446.42,https://www.trendyol.com/huawei-freebuds-se,0
Haylou GT1 Pro,Haylou Teknoloji,555.59,https://www.trendyol.com/haylou-gt1,0
Huawei Freebuds SE,Huawei Satıcısı,353.8,https://www.trendyol.com/huawei-freebuds-se,0
Philips TAT1235BK,Philips Ses Sistemleri,677.43,https://www.trendyol.com/philips-tat1235,0
Haylou GT1 Pro,Haylou Teknoloji,651.83,https://www.trendyol.com/haylou-gt1,0
Baseus W04 Pro Kulaklık,Baseus Official Store,540.88,https://www.trendyol.com/baseus-w04,0
Sony WH-CH510,Sony Center,535.93,https://www.trendyol.com/sony-wh510,0
Samsung Level U2,Samsung Mağazası,441.18,https://www.trendyol.com/samsung-level-u2,0
Huawei Freebuds SE,Huawei Satıcısı,353.95,https://www.trendyol.com/huawei-freebuds-se,0
Xiaomi Redmi Buds 4,Mi Market,668.33,https://www.trendyol.com/xiaomi-redmi-buds4,0
Pioneer SE-C3T,Pioneer Ses,541.38,https://www.trendyol.com/pioneer-sec3t,0
Anker Soundcore Life P2,Anker Türkiye,545.75,https://www.trendyol.com/anker-p2,0
Anker Soundcore Life P2,Anker Türkiye,325.15,https://www.trendyol.com/anker-p2,1
Baseus W04 Pro Kulaklık,Baseus Official Store,363.54,https://www.trendyol.com/baseus-w04,0
Anker Soundcore Life P2,Anker Türkiye,488.35,https://www.trendyol.com/anker-p2,0
JBL T110 Kulaklık,JBL Türkiye,680.05,https://www.trendyol.com/jbl-t110,0
Pioneer SE-C3T,Pioneer Ses,369.92,https://www.trendyol.com/pioneer-sec3t,0
Baseus W04 Pro Kulaklık,Baseus Official Store,648.13,https://www.trendyol.com/baseus-w04,0
Baseus W04 Pro Kulaklık,Baseus Official Store,429.5,https://www.trendyol.com/baseus-w04,0
Philips TAT1235BK,Philips Ses Sistemleri,676.65,https://www.trendyol.com/philips-tat1235,0
Haylou GT1 Pro,Haylou Teknoloji,316.65,https://www.trendyol.com/haylou-gt1,1
Haylou GT1 Pro,Haylou Teknoloji,570.59,https://www.trendyol.com/haylou-gt1,0
Anker Soundcore Life P2,Anker Türkiye,348.35,https://www.trendyol.com/anker-p2,1
Baseus W04 Pro Kulaklık,Baseus Official Store,519.48,https://www.trendyol.com/baseus-w04,0
Anker Soundcore Life P2,Anker Türkiye,253.73,https://www.trendyol.com/anker-p2,1
JBL T110 Kulaklık,JBL Türkiye,591.46,https://www.trendyol.com/jbl-t110,0
Anker Soundcore Life P2,Anker Türkiye,634.25,https://www.trendyol.com/anker-p2,0
Huawei Freebuds SE,Huawei Satıcısı,712.63,https://www.trendyol.com/huawei-freebuds-se,0
Philips TAT1235BK,Philips Ses Sistemleri,528.41,https://www.trendyol.com/philips-tat1235,0
Baseus W04 Pro Kulaklık,Baseus Official Store,453.73,https://www.trendyol.com/baseus-w04,0
Anker Soundcore Life P2,Anker Türkiye,336.32,https://www.trendyol.com/anker-p2,1
Baseus W04 Pro Kulaklık,Baseus Official Store,618.07,https://www.trendyol.com/baseus-w04,0
Anker Soundcore Life P2,Anker Türkiye,441.35,https://www.trendyol.com/anker-p2,0
Philips TAT1235BK,Philips Ses Sistemleri,776.59,https://www.trendyol.com/philips-tat1235,0
Baseus W04 Pro Kulaklık,Baseus Official Store,597.09,https://www.trendyol.com/baseus-w04,0
Samsung Level U2,Samsung Mağazası,658.78,https://www.trendyol.com/samsung-level-u2,0
Samsung Level U2,Samsung Mağazası,400.92,https://www.trendyol.com/samsung-level-u2,0
Haylou GT1 Pro,Haylou Teknoloji,766.86,https://www.trendyol.com/haylou-gt1,0
Huawei Freebuds SE,Huawei Satıcısı,281.84,https://www.trendyol.com/huawei-freebuds-se,1
Sony WH-CH510,Sony Center,455.34,https://www.trendyol.com/sony-wh510,0
Huawei Freebuds SE,Huawei Satıcısı,419.92,https://www.trendyol.com/huawei-freebuds-se,0
Baseus W04 Pro Kulaklık,Baseus Official Store,652.19,https://www.trendyol.com/baseus-w04,0
Sony WH-CH510,Sony Center,770.49,https://www.trendyol.com/sony-wh510,0
Sony WH-CH510,Sony Center,667.06,https://www.trendyol.com/sony-wh510,0
Anker Soundcore Life P2,Anker Türkiye,555.04,https://www.trendyol.com/anker-p2,0
Samsung Level U2,Samsung Mağazası,290.73,https://www.trendyol.com/samsung-level-u2,0
Huawei Freebuds SE,Huawei Satıcısı,627.81,https://www.trendyol.com/huawei-freebuds-se,0
Haylou GT1 Pro,Haylou Teknoloji,531.64,https://www.trendyol.com/haylou-gt1,0
Samsung Level U2,Samsung Mağazası,458.41,https://www.trendyol.com/samsung-level-u2,0
Sony WH-CH510,Sony Center,705.03,https://www.trendyol.com/sony-wh510,0
Huawei Freebuds SE,Huawei Satıcısı,308.0,https://www.trendyol.com/huawei-freebuds-se,1
Pioneer SE-C3T,Pioneer Ses,476.84,https://www.trendyol.com/pioneer-sec3t,0
Samsung Level U2,Samsung Mağazası,698.55,https://www.trendyol.com/samsung-level-u2,0
Sony WH-CH510,Sony Center,428.6,https://www.trendyol.com/sony-wh510,0
JBL T110 Kulaklık,JBL Türkiye,333.74,https://www.trendyol.com/jbl-t110,1
Anker Soundcore Life P2,Anker Türkiye,298.37,https://www.trendyol.com/anker-p2,1
Anker Soundcore Life P2,Anker Türkiye,445.53,https://www.trendyol.com/anker-p2,0
Xiaomi Redmi Buds 4,Mi Market,561.69,https://www.trendyol.com/xiaomi-redmi-buds4,0
Anker Soundcore Life P2,Anker Türkiye,722.15,https://www.trendyol.com/anker-p2,0
Baseus W04 Pro Kulaklık,Baseus Official Store,647.04,https://www.trendyol.com/baseus-w04,0
Baseus W04 Pro Kulaklık,Baseus Official Store,317.41,https://www.trendyol.com/baseus-w04,0
Samsung Level U2,Samsung Mağazası,354.29,https://www.trendyol.com/samsung-level-u2,0
Anker Soundcore Life P2,Anker Türkiye,773.97,https://www.trendyol.com/anker-p2,0
Xiaomi Redmi Buds 4,Mi Market,422.55,https://www.trendyol.com/xiaomi-redmi-buds4,0
Xiaomi Redmi Buds 4,Mi Market,644.77,https://www.trendyol.com/xiaomi-redmi-buds4,0
Haylou GT1 Pro,Haylou Teknoloji,328.08,https://www.trendyol.com/haylou-gt1,1
JBL T110 Kulaklık,JBL Türkiye,520.57,https://www.trendyol.com/jbl-t110,0
Huawei Freebuds SE,Huawei Satıcısı,645.5,https://www.trendyol.com/huawei-freebuds-se,0
JBL T110 Kulaklık,JBL Türkiye,611.35,https://www.trendyol.com/jbl-t110,0
Huawei Freebuds SE,Huawei Satıcısı,303.95,https://www.trendyol.com/huawei-freebuds-se,1
Xiaomi Redmi Buds 4,Mi Market,273.8,https://www.trendyol.com/xiaomi-redmi-buds4,1
Samsung Level U2,Samsung Mağazası,677.67,https://www.trendyol.com/samsung-level-u2,0
Huawei Freebuds SE,Huawei Satıcısı,415.24,https://www.trendyol.com/huawei-freebuds-se,0
Huawei Freebuds SE,Huawei Satıcısı,447.43,https://www.trendyol.com/huawei-freebuds-se,0
Huawei Freebuds SE,Huawei Satıcısı,257.31,https://www.trendyol.com/huawei-freebuds-se,1
Anker Soundcore Life P2,Anker Türkiye,635.72,https://www.trendyol.com/anker-p2,0
Huawei Freebuds SE,Huawei Satıcısı,304.08,https://www.trendyol.com/huawei-freebuds-se,1
Xiaomi Redmi Buds 4,Mi Market,285.11,https://www.trendyol.com/xiaomi-redmi-buds4,1
Philips TAT1235BK,Philips Ses Sistemleri,385.37,https://www.trendyol.com/philips-tat1235,0
Pioneer SE-C3T,Pioneer Ses,328.0,https://www.trendyol.com/pioneer-sec3t,1
Samsung Level U2,Samsung Mağazası,408.11,https://www.trendyol.com/samsung-level-u2,0
Xiaomi Redmi Buds 4,Mi Market,366.13,https://www.trendyol.com/xiaomi-redmi-buds4,0
Baseus W04 Pro Kulaklık,Baseus Official Store,650.61,https://www.trendyol.com/baseus-w04,0
Xiaomi Redmi Buds 4,Mi Market,781.89,https://www.trendyol.com/xiaomi-redmi-buds4,0
Philips TAT1235BK,Philips Ses Sistemleri,364.85,https://www.trendyol.com/philips-tat1235,0
Anker Soundcore Life P2,Anker Türkiye,464.9,https://www.trendyol.com/anker-p2,0
Huawei Freebuds SE,Huawei Satıcısı,731.58,https://www.trendyol.com/huawei-freebuds-se,0
Xiaomi Redmi Buds 4,Mi Market,778.69,https://www.trendyol.com/xiaomi-redmi-buds4,0
Samsung Level U2,Samsung Mağazası,455.78,https://www.trendyol.com/samsung-level-u2,0
Haylou GT1 Pro,Haylou Teknoloji,544.9,https://www.trendyol.com/haylou-gt1,0
Pioneer SE-C3T,Pioneer Ses,545.85,https://www.trendyol.com/pioneer-sec3t,0
Philips TAT1235BK,Philips Ses Sistemleri,564.11,https://www.trendyol.com/philips-tat1235,0
Philips TAT1235BK,Philips Ses Sistemleri,699.27,https://www.trendyol.com/philips-tat1235,0
Baseus W04 Pro Kulaklık,Baseus Official Store,311.7,https://www.trendyol.com/baseus-w04,0
Anker Soundcore Life P2,Anker Türkiye,357.58,https://www.trendyol.com/anker-p2,0
Sony WH-CH510,Sony Center,455.61,https://www.trendyol.com/sony-wh510,0
Baseus W04 Pro Kulaklık,Baseus Official Store,616.22,https://www.trendyol.com/baseus-w04,0
Samsung Level U2,Samsung Mağazası,643.79,https://www.trendyol.com/samsung-level-u2,0
Haylou GT1 Pro,Haylou Teknoloji,772.0,https://www.trendyol.com/haylou-gt1,0
Huawei Freebuds SE,Huawei Satıcısı,522.68,https://www.trendyol.com/huawei-freebuds-se,0
Huawei Freebuds SE,Huawei Satıcısı,708.4,https://www.trendyol.com/huawei-freebuds-se,0
Anker Soundcore Life P2,Anker Türkiye,626.62,https://www.trendyol.com/anker-p2,0
Huawei Freebuds SE,Huawei Satıcısı,682.04,https://www.trendyol.com/huawei-freebuds-se,0
Xiaomi Redmi Buds 4,Mi Market,559.74,https://www.trendyol.com/xiaomi-redmi-buds4,0
Pioneer SE-C3T,Pioneer Ses,618.11,https://www.trendyol.com/pioneer-sec3t,0
Haylou GT1 Pro,Haylou Teknoloji,676.27,https://www.trendyol.com/haylou-gt1,0
JBL T110 Kulaklık,JBL Türkiye,289.48,https://www.trendyol.com/jbl-t110,1
Anker Soundcore Life P2,Anker Türkiye,472.4,https://www.trendyol.com/anker-p2,0
Haylou GT1 Pro,Haylou Teknoloji,369.68,https://www.trendyol.com/haylou-gt1,0
Baseus W04 Pro Kulaklık,Baseus Official Store,611.1,https://www.trendyol.com/baseus-w04,0
Pioneer SE-C3T,Pioneer Ses,485.67,https://www.trendyol.com/pioneer-sec3t,0
JBL T110 Kulaklık,JBL Türkiye,421.47,https://www.trendyol.com/jbl-t110,0
JBL T110 Kulaklık,JBL Türkiye,489.08,https://www.trendyol.com/jbl-t110,0
Pioneer SE-C3T,Pioneer Ses,477.04,https://www.trendyol.com/pioneer-sec3t,0
JBL T110 Kulaklık,JBL Türkiye,739.92,https://www.trendyol.com/jbl-t110,0
Anker Soundcore Life P2,Anker Türkiye,707.41,https://www.trendyol.com/anker-p2,0
Huawei Freebuds SE,Huawei Satıcısı,288.93,https://www.trendyol.com/huawei-freebuds-se,1
Anker Soundcore Life P2,Anker Türkiye,364.36,https://www.trendyol.com/anker-p2,0
Xiaomi Redmi Buds 4,Mi Market,485.1,https://www.trendyol.com/xiaomi-redmi-buds4,0
Huawei Freebuds SE,Huawei Satıcısı,329.49,https://www.trendyol.com/huawei-freebuds-se,1
Philips TAT1235BK,Philips Ses Sistemleri,442.46,https://www.trendyol.com/philips-tat1235,0
Pioneer SE-C3T,Pioneer Ses,780.28,https://www.trendyol.com/pioneer-sec3t,0
Pioneer SE-C3T,Pioneer Ses,650.51,https://www.trendyol.com/pioneer-sec3t,0
Pioneer SE-C3T,Pioneer Ses,398.49,https://www.trendyol.com/pioneer-sec3t,0
Xiaomi Redmi Buds 4,Mi Market,479.17,https://www.trendyol.com/xiaomi-redmi-buds4,0
Samsung Level U2,Samsung Mağazası,796.68,https://www.trendyol.com/samsung-level-u2,0
Anker Soundcore Life P2,Anker Türkiye,757.69,https://www.trendyol.com/anker-p2,0
Xiaomi Redmi Buds 4,Mi Market,326.85,https://www.trendyol.com/xiaomi-redmi-buds4,1
Samsung Level U2,Samsung Mağazası,336.77,https://www.trendyol.com/samsung-level-u2,0
Haylou GT1 Pro,Haylou Teknoloji,411.18,https://www.trendyol.com/haylou-gt1,0
Huawei Freebuds SE,Huawei Satıcısı,590.09,https://www.trendyol.com/huawei-freebuds-se,0
Samsung Level U2,Samsung Mağazası,451.74,https://www.trendyol.com/samsung-level-u2,0
JBL T110 Kulaklık,JBL Türkiye,313.28,https://www.trendyol.com/jbl-t110,1
Xiaomi Redmi Buds 4,Mi Market,270.06,https://www.trendyol.com/xiaomi-redmi-buds4,1
Haylou GT1 Pro,Haylou Teknoloji,703.74,https://www.trendyol.com/haylou-gt1,0
Anker Soundcore Life P2,Anker Türkiye,256.16,https://www.trendyol.com/anker-p2,1
Sony WH-CH510,Sony Center,460.1,https://www.trendyol.com/sony-wh510,0
Samsung Level U2,Samsung Mağazası,734.64,https://www.trendyol.com/samsung-level-u2,0
Xiaomi Redmi Buds 4,Mi Market,767.42,https://www.trendyol.com/xiaomi-redmi-buds4,0
Xiaomi Redmi Buds 4,Mi Market,399.08,https://www.trendyol.com/xiaomi-redmi-buds4,0
Baseus W04 Pro Kulaklık,Baseus Official Store,441.91,https://www.trendyol.com/baseus-w04,0
Anker Soundcore Life P2,Anker Türkiye,563.21,https://www.trendyol.com/anker-p2,0
Philips TAT1235BK,Philips Ses Sistemleri,382.22,https://www.trendyol.com/philips-tat1235,0
Sony WH-CH510,Sony Center,782.45,https://www.trendyol.com/sony-wh510,0
Haylou GT1 Pro,Haylou Teknoloji,768.11,https://www.trendyol.com/haylou-gt1,0
Philips TAT1235BK,Philips Ses Sistemleri,419.99,https://www.trendyol.com/philips-tat1235,0
Haylou GT1 Pro,Haylou Teknoloji,320.91,https://www.trendyol.com/haylou-gt1,1
JBL T110 Kulaklık,JBL Türkiye,721.78,https://www.trendyol.com/jbl-t110,0
Anker Soundcore Life P2,Anker Türkiye,567.0,https://www.trendyol.com/anker-p2,0
JBL T110 Kulaklık,JBL Türkiye,273.2,https://www.trendyol.com/jbl-t110,1
Huawei Freebuds SE,Huawei Satıcısı,504.12,https://www.trendyol.com/huawei-freebuds-se,0
Haylou GT1 Pro,Haylou Teknoloji,712.37,https://www.trendyol.com/haylou-gt1,0
JBL T110 Kulaklık,JBL Türkiye,335.09,https://www.trendyol.com/jbl-t110,1
Philips TAT1235BK,Philips Ses Sistemleri,527.22,https://www.trendyol.com/philips-tat1235,0
Haylou GT1 Pro,Haylou Teknoloji,700.26,https://www.trendyol.com/haylou-gt1,0
Baseus W04 Pro Kulaklık,Baseus Official Store,596.74,https://www.trendyol.com/baseus-w04,0
Huawei Freebuds SE,Huawei Satıcısı,303.71,https://www.trendyol.com/huawei-freebuds-se,1
Pioneer SE-C3T,Pioneer Ses,503.89,https://www.trendyol.com/pioneer-sec3t,0
Pioneer SE-C3T,Pioneer Ses,516.72,https://www.trendyol.com/pioneer-sec3t,0
Huawei Freebuds SE,Huawei Satıcısı,294.84,https://www.trendyol.com/huawei-freebuds-se,1
Baseus W04 Pro Kulaklık,Baseus Official Store,402.15,https://www.trendyol.com/baseus-w04,0
Sony WH-CH510,Sony Center,327.07,https://www.trendyol.com/sony-wh510,0
Anker Soundcore Life P2,Anker Türkiye,296.12,https://www.trendyol.com/anker-p2,1
Philips TAT1235BK,Philips Ses Sistemleri,729.99,https://www.trendyol.com/philips-tat1235,0
Xiaomi Redmi Buds 4,Mi Market,769.28,https://www.trendyol.com/xiaomi-redmi-buds4,0
Baseus W04 Pro Kulaklık,Baseus Official Store,423.24,https://www.trendyol.com/baseus-w04,0
JBL T110 Kulaklık,JBL Türkiye,609.24,https://www.trendyol.com/jbl-t110,0
Anker Soundcore Life P2,Anker Türkiye,291.71,https://www.trendyol.com/anker-p2,1
Huawei Freebuds SE,Huawei Satıcısı,733.07,https://www.trendyol.com/huawei-freebuds-se,0
Philips TAT1235BK,Philips Ses Sistemleri,752.67,https://www.trendyol.com/philips-tat1235,0
Samsung Level U2,Samsung Mağazası,707.84,https://www.trendyol.com/samsung-level-u2,0
Haylou GT1 Pro,Haylou Teknoloji,390.36,https://www.trendyol.com/haylou-gt1,0
Sony WH-CH510,Sony Center,412.07,https://www.trendyol.com/sony-wh510,0
Philips TAT1235BK,Philips Ses Sistemleri,706.21,https://www.trendyol.com/philips-tat1235,0
Xiaomi Redmi Buds 4,Mi Market,452.59,https://www.trendyol.com/xiaomi-redmi-buds4,0
Haylou GT1 Pro,Haylou Teknoloji,280.84,https://www.trendyol.com/haylou-gt1,1
Sony WH-CH510,Sony Center,758.47,https://www.trendyol.com/sony-wh510,0
Anker Soundcore Life P2,Anker Türkiye,585.39,https://www.trendyol.com/anker-p2,0
Huawei Freebuds SE,Huawei Satıcısı,433.49,https://www.trendyol.com/huawei-freebuds-se,0
Xiaomi Redmi Buds 4,Mi Market,626.99,https://www.trendyol.com/xiaomi-redmi-buds4,0
Baseus W04 Pro Kulaklık,Baseus Official Store,765.96,https://www.trendyol.com/baseus-w04,0
Pioneer SE-C3T,Pioneer Ses,572.21,https://www.trendyol.com/pioneer-sec3t,0
Haylou GT1 Pro,Haylou Teknoloji,793.47,https://www.trendyol.com/haylou-gt1,0
Huawei Freebuds SE,Huawei Satıcısı,398.56,https://www.trendyol.com/huawei-freebuds-se,0
Haylou GT1 Pro,Haylou Teknoloji,732.69,https://www.trendyol.com/haylou-gt1,0
Haylou GT1 Pro,Haylou Teknoloji,286.59,https://www.trendyol.com/haylou-gt1,1
Baseus W04 Pro Kulaklık,Baseus Official Store,623.85,https://www.trendyol.com/baseus-w04,0
Anker Soundcore Life P2,Anker Türkiye,730.39,https://www.trendyol.com/anker-p2,0
Anker Soundcore Life P2,Anker Türkiye,486.53,https://www.trendyol.com/anker-p2,0
Xiaomi Redmi Buds 4,Mi Market,251.92,https://www.trendyol.com/xiaomi-redmi-buds4,1
Sony WH-CH510,Sony Center,742.97,https://www.trendyol.com/sony-wh510,0
JBL T110 Kulaklık,JBL Türkiye,732.43,https://www.trendyol.com/jbl-t110,0
Huawei Freebuds SE,Huawei Satıcısı,600.45,https://www.trendyol.com/huawei-freebuds-se,0
Pioneer SE-C3T,Pioneer Ses,588.21,https://www.trendyol.com/pioneer-sec3t,0
Huawei Freebuds SE,Huawei Satıcısı,633.6,https://www.trendyol.com/huawei-freebuds-se,0
Xiaomi Redmi Buds 4,Mi Market,610.17,https://www.trendyol.com/xiaomi-redmi-buds4,0
Anker Soundcore Life P2,Anker Türkiye,602.01,https://www.trendyol.com/anker-p2,0
Xiaomi Redmi Buds 4,Mi Market,310.69,https://www.trendyol.com/xiaomi-redmi-buds4,1
Philips TAT1235BK,Philips Ses Sistemleri,492.14,https://www.trendyol.com/philips-tat1235,0
JBL T110 Kulaklık,JBL Türkiye,459.72,https://www.trendyol.com/jbl-t110,0
Sony WH-CH510,Sony Center,357.17,https://www.trendyol.com/sony-wh510,0
Haylou GT1 Pro,Haylou Teknoloji,779.13,https://www.trendyol.com/haylou-gt1,0
Haylou GT1 Pro,Haylou Teknoloji,379.36,https://www.trendyol.com/haylou-gt1,0
Sony WH-CH510,Sony Center,529.52,https://www.trendyol.com/sony-wh510,0
Samsung Level U2,Samsung Mağazası,717.68,https://www.trendyol.com/samsung-level-u2,0
Sony WH-CH510,Sony Center,482.63,https://www.trendyol.com/sony-wh510,0
JBL T110 Kulaklık,JBL Türkiye,654.98,https://www.trendyol.com/jbl-t110,0
Baseus W04 Pro Kulaklık,Baseus Official Store,356.66,https://www.trendyol.com/baseus-w04,0
Haylou GT1 Pro,Haylou Teknoloji,300.4,https://www.trendyol.com/haylou-gt1,1
JBL T110 Kulaklık,JBL Türkiye,253.72,https://www.trendyol.com/jbl-t110,1
JBL T110 Kulaklık,JBL Türkiye,695.41,https://www.trendyol.com/jbl-t110,0
Baseus W04 Pro Kulaklık,Baseus Official Store,474.21,https://www.trendyol.com/baseus-w04,0
Pioneer SE-C3T,Pioneer Ses,433.08,https://www.trendyol.com/pioneer-sec3t,0
JBL T110 Kulaklık,JBL Türkiye,695.03,https://www.trendyol.com/jbl-t110,0
Pioneer SE-C3T,Pioneer Ses,442.0,https://www.trendyol.com/pioneer-sec3t,0
JBL T110 Kulaklık,JBL Türkiye,274.02,https://www.trendyol.com/jbl-t110,1
Haylou GT1 Pro,Haylou Teknoloji,363.1,https://www.trendyol.com/haylou-gt1,0
Baseus W04 Pro Kulaklık,Baseus Official Store,634.48,https://www.trendyol.com/baseus-w04,0
Xiaomi Redmi Buds 4,Mi Market,394.92,https://www.trendyol.com/xiaomi-redmi-buds4,0
Anker Soundcore Life P2,Anker Türkiye,559.21,https://www.trendyol.com/anker-p2,0
Baseus W04 Pro Kulaklık,Baseus Official Store,431.78,https://www.trendyol.com/baseus-w04,0
Xiaomi Redmi Buds 4,Mi Market,415.11,https://www.trendyol.com/xiaomi-redmi-buds4,0
JBL T110 Kulaklık,JBL Türkiye,746.04,https://www.trendyol.com/jbl-t110,0
Anker Soundcore Life P2,Anker Türkiye,307.87,https://www.trendyol.com/anker-p2,1
Xiaomi Redmi Buds 4,Mi Market,275.42,https://www.trendyol.com/xiaomi-redmi-buds4,1
Xiaomi Redmi Buds 4,Mi Market,342.91,https://www.trendyol.com/xiaomi-redmi-buds4,1
Anker Soundcore Life P2,Anker Türkiye,671.3,https://www.trendyol.com/anker-p2,0
Sony WH-CH510,Sony Center,616.25,https://www.trendyol.com/sony-wh510,0
Baseus W04 Pro Kulaklık,Baseus Official Store,572.07,https://www.trendyol.com/baseus-w04,0
Xiaomi Redmi Buds 4,Mi Market,407.23,https://www.trendyol.com/xiaomi-redmi-buds4,0
Haylou GT1 Pro,Haylou Teknoloji,565.66,https://www.trendyol.com/haylou-gt1,0
Philips TAT1235BK,Philips Ses Sistemleri,340.02,https://www.trendyol.com/philips-tat1235,1
Huawei Freebuds SE,Huawei Satıcısı,426.09,https://www.trendyol.com/huawei-freebuds-se,0
Pioneer SE-C3T,Pioneer Ses,446.6,https://www.trendyol.com/pioneer-sec3t,0
Anker Soundcore Life P2,Anker Türkiye,345.48,https://www.trendyol.com/anker-p2,1
Huawei Freebuds SE,Huawei Satıcısı,664.8,https://www.trendyol.com/huawei-freebuds-se,0
Xiaomi Redmi Buds 4,Mi Market,714.36,https://www.trendyol.com/xiaomi-redmi-buds4,0
JBL T110 Kulaklık,JBL Türkiye,649.55,https://www.trendyol.com/jbl-t110,0
Anker Soundcore Life P2,Anker Türkiye,407.84,https://www.trendyol.com/anker-p2,0
Sony WH-CH510,Sony Center,370.95,https://www.trendyol.com/sony-wh510,0
Anker Soundcore Life P2,Anker Türkiye,264.6,https://www.trendyol.com/anker-p2,1
Samsung Level U2,Samsung Mağazası,726.15,https://www.trendyol.com/samsung-level-u2,0
Xiaomi Redmi Buds 4,Mi Market,490.59,https://www.trendyol.com/xiaomi-redmi-buds4,0
Haylou GT1 Pro,Haylou Teknoloji,347.86,https://www.trendyol.com/haylou-gt1,1
Sony WH-CH510,Sony Center,323.63,https://www.trendyol.com/sony-wh510,0
Xiaomi Redmi Buds 4,Mi Market,690.3,https://www.trendyol.com/xiaomi-redmi-buds4,0
Pioneer SE-C3T,Pioneer Ses,499.6,https://www.trendyol.com/pioneer-sec3t,0
Haylou GT1 Pro,Haylou Teknoloji,588.01,https://www.trendyol.com/haylou-gt1,0
Anker Soundcore Life P2,Anker Türkiye,267.47,https://www.trendyol.com/anker-p2,1
JBL T110 Kulaklık,JBL Türkiye,749.87,https://www.trendyol.com/jbl-t110,0
Xiaomi Redmi Buds 4,Mi Market,598.34,https://www.trendyol.com/xiaomi-redmi-buds4,0
Haylou GT1 Pro,Haylou Teknoloji,596.35,https://www.trendyol.com/haylou-gt1,0
Sony WH-CH510,Sony Center,757.79,https://www.trendyol.com/sony-wh510,0
Philips TAT1235BK,Philips Ses Sistemleri,413.5,https://www.trendyol.com/philips-tat1235,0
Pioneer SE-C3T,Pioneer Ses,528.9,https://www.trendyol.com/pioneer-sec3t,0
Baseus W04 Pro Kulaklık,Baseus Official Store,554.85,https://www.trendyol.com/baseus-w04,0
Baseus W04 Pro Kulaklık,Baseus Official Store,339.83,https://www.trendyol.com/baseus-w04,0
Baseus W04 Pro Kulaklık,Baseus Official Store,482.88,https://www.trendyol.com/baseus-w04,0
Haylou GT1 Pro,Haylou Teknoloji,265.27,https://www.trendyol.com/haylou-gt1,1
Samsung Level U2,Samsung Mağazası,456.33,https://www.trendyol.com/samsung-level-u2,0
Huawei Freebuds SE,Huawei Satıcısı,453.15,https://www.trendyol.com/huawei-freebuds-se,0
Samsung Level U2,Samsung Mağazası,273.88,https://www.trendyol.com/samsung-level-u2,0
Philips TAT1235BK,Philips Ses Sistemleri,749.88,https://www.trendyol.com/philips-tat1235,0
Huawei Freebuds SE,Huawei Satıcısı,637.02,https://www.trendyol.com/huawei-freebuds-se,0
Haylou GT1 Pro,Haylou Teknoloji,282.91,https://www.trendyol.com/haylou-gt1,1
Samsung Level U2,Samsung Mağazası,767.66,https://www.trendyol.com/samsung-level-u2,0
Anker Soundcore Life P2,Anker Türkiye,291.53,https://www.trendyol.com/anker-p2,1
JBL T110 Kulaklık,JBL Türkiye,688.04,https://www.trendyol.com/jbl-t110,0
Haylou GT1 Pro,Haylou Teknoloji,364.7,https://www.trendyol.com/haylou-gt1,0
Sony WH-CH510,Sony Center,771.5,https://www.trendyol.com/sony-wh510,0
Xiaomi Redmi Buds 4,Mi Market,296.61,https://www.trendyol.com/xiaomi-redmi-buds4,1
Haylou GT1 Pro,Haylou Teknoloji,658.05,https://www.trendyol.com/haylou-gt1,0
Samsung Level U2,Samsung Mağazası,354.22,https://www.trendyol.com/samsung-level-u2,0
Anker Soundcore Life P2,Anker Türkiye,572.24,https://www.trendyol.com/anker-p2,0
Samsung Level U2,Samsung Mağazası,635.53,https://www.trendyol.com/samsung-level-u2,0
Huawei Freebuds SE,Huawei Satıcısı,573.56,https://www.trendyol.com/huawei-freebuds-se,0
Philips TAT1235BK,Philips Ses Sistemleri,685.79,https://www.trendyol.com/philips-tat1235,0
Samsung Level U2,Samsung Mağazası,580.52,https://www.trendyol.com/samsung-level-u2,0
Pioneer SE-C3T,Pioneer Ses,600.66,https://www.trendyol.com/pioneer-sec3t,0
Huawei Freebuds SE,Huawei Satıcısı,465.43,https://www.trendyol.com/huawei-freebuds-se,0
Sony WH-CH510,Sony Center,427.55,https://www.trendyol.com/sony-wh510,0
Haylou GT1 Pro,Haylou Teknoloji,574.66,https://www.trendyol.com/haylou-gt1,0
Huawei Freebuds SE,Huawei Satıcısı,254.22,https://www.trendyol.com/huawei-freebuds-se,1
Sony WH-CH510,Sony Center,547.54,https://www.trendyol.com/sony-wh510,0
Samsung Level U2,Samsung Mağazası,315.49,https://www.trendyol.com/samsung-level-u2,0
Xiaomi Redmi Buds 4,Mi Market,346.27,https://www.trendyol.com/xiaomi-redmi-buds4,1
Pioneer SE-C3T,Pioneer Ses,652.58,https://www.trendyol.com/pioneer-sec3t,0
Philips TAT1235BK,Philips Ses Sistemleri,385.91,https://www.trendyol.com/philips-tat1235,0
Haylou GT1 Pro,Haylou Teknoloji,298.1,https://www.trendyol.com/haylou-gt1,1
Xiaomi Redmi Buds 4,Mi Market,607.5,https://www.trendyol.com/xiaomi-redmi-buds4,0
Baseus W04 Pro Kulaklık,Baseus Official Store,724.72,https://www.trendyol.com/baseus-w04,0
Xiaomi Redmi Buds 4,Mi Market,565.51,https://www.trendyol.com/xiaomi-redmi-buds4,0
Baseus W04 Pro Kulaklık,Baseus Official Store,797.5,https://www.trendyol.com/baseus-w04,0
Anker Soundcore Life P2,Anker Türkiye,746.34,https://www.trendyol.com/anker-p2,0
Haylou GT1 Pro,Haylou Teknoloji,772.31,https://www.trendyol.com/haylou-gt1,0
Huawei Freebuds SE,Huawei Satıcısı,621.64,https://www.trendyol.com/huawei-freebuds-se,0
Pioneer SE-C3T,Pioneer Ses,779.74,https://www.trendyol.com/pioneer-sec3t,0
Pioneer SE-C3T,Pioneer Ses,514.06,https://www.trendyol.com/pioneer-sec3t,0
Xiaomi Redmi Buds 4,Mi Market,422.37,https://www.trendyol.com/xiaomi-redmi-buds4,0
JBL T110 Kulaklık,JBL Türkiye,631.3,https://www.trendyol.com/jbl-t110,0
Xiaomi Redmi Buds 4,Mi Market,284.49,https://www.trendyol.com/xiaomi-redmi-buds4,1
Baseus W04 Pro Kulaklık,Baseus Official Store,261.15,https://www.trendyol.com/baseus-w04,0
Xiaomi Redmi Buds 4,Mi Market,409.57,https://www.trendyol.com/xiaomi-redmi-buds4,0
Xiaomi Redmi Buds 4,Mi Market,467.7,https://www.trendyol.com/xiaomi-redmi-buds4,0
Baseus W04 Pro Kulaklık,Baseus Official Store,464.61,https://www.trendyol.com/baseus-w04,0
Huawei Freebuds SE,Huawei Satıcısı,468.47,https://www.trendyol.com/huawei-freebuds-se,0
Sony WH-CH510,Sony Center,263.79,https://www.trendyol.com/sony-wh510,0
Philips TAT1235BK,Philips Ses Sistemleri,490.88,https://www.trendyol.com/philips-tat1235,0
Huawei Freebuds SE,Huawei Satıcısı,697.18,https://www.trendyol.com/huawei-freebuds-se,0
Samsung Level U2,Samsung Mağazası,536.65,https://www.trendyol.com/samsung-level-u2,0
Philips TAT1235BK,Philips Ses Sistemleri,343.95,https://www.trendyol.com/philips-tat1235,1
Philips TAT1235BK,Philips Ses Sistemleri,301.39,https://www.trendyol.com/philips-tat1235,1
Pioneer SE-C3T,Pioneer Ses,760.71,https://www.trendyol.com/pioneer-sec3t,0
Philips TAT1235BK,Philips Ses Sistemleri,427.72,https://www.trendyol.com/philips-tat1235,0
Sony WH-CH510,Sony Center,443.7,https://www.trendyol.com/sony-wh510,0
Samsung Level U2,Samsung Mağazası,574.8,https://www.trendyol.com/samsung-level-u2,0
Pioneer SE-C3T,Pioneer Ses,780.61,https://www.trendyol.com/pioneer-sec3t,0
Samsung Level U2,Samsung Mağazası,743.15,https://www.trendyol.com/samsung-level-u2,0
JBL T110 Kulaklık,JBL Türkiye,615.31,https://www.trendyol.com/jbl-t110,0
Philips TAT1235BK,Philips Ses Sistemleri,279.9,https://www.trendyol.com/philips-tat1235,1
Xiaomi Redmi Buds 4,Mi Market,427.75,https://www.trendyol.com/xiaomi-redmi-buds4,0
Xiaomi Redmi Buds 4,Mi Market,533.11,https://www.trendyol.com/xiaomi-redmi-buds4,0
Haylou GT1 Pro,Haylou Teknoloji,326.87,https://www.trendyol.com/haylou-gt1,1
Anker Soundcore Life P2,Anker Türkiye,514.32,https://www.trendyol.com/anker-p2,0
Xiaomi Redmi Buds 4,Mi Market,250.05,https://www.trendyol.com/xiaomi-redmi-buds4,1
Pioneer SE-C3T,Pioneer Ses,302.12,https://www.trendyol.com/pioneer-sec3t,1
Huawei Freebuds SE,Huawei Satıcısı,554.03,https://www.trendyol.com/huawei-freebuds-se,0
Pioneer SE-C3T,Pioneer Ses,550.08,https://www.trendyol.com/pioneer-sec3t,0
Huawei Freebuds SE,Huawei Satıcısı,769.55,https://www.trendyol.com/huawei-freebuds-se,0
Pioneer SE-C3T,Pioneer Ses,624.32,https://www.trendyol.com/pioneer-sec3t,0
Sony WH-CH510,Sony Center,413.53,https://www.trendyol.com/sony-wh510,0
Baseus W04 Pro Kulaklık,Baseus Official Store,280.55,https://www.trendyol.com/baseus-w04,0
Haylou GT1 Pro,Haylou Teknoloji,445.95,https://www.trendyol.com/haylou-gt1,0
Sony WH-CH510,Sony Center,650.82,https://www.trendyol.com/sony-wh510,0
Sony WH-CH510,Sony Center,469.37,https://www.trendyol.com/sony-wh510,0
Philips TAT1235BK,Philips Ses Sistemleri,691.78,https://www.trendyol.com/philips-tat1235,0
Samsung Level U2,Samsung Mağazası,634.24,https://www.trendyol.com/samsung-level-u2,0
Sony WH-CH510,Sony Center,330.31,https://www.trendyol.com/sony-wh510,0
Huawei Freebuds SE,Huawei Satıcısı,368.12,https://www.trendyol.com/huawei-freebuds-se,0
Sony WH-CH510,Sony Center,611.28,https://www.trendyol.com/sony-wh510,0
Sony WH-CH510,Sony Center,648.5,https://www.trendyol.com/sony-wh510,0
Sony WH-CH510,Sony Center,665.48,https://www.trendyol.com/sony-wh510,0
Anker Soundcore Life P2,Anker Türkiye,297.67,https://www.trendyol.com/anker-p2,1
Baseus W04 Pro Kulaklık,Baseus Official Store,494.16,https://www.trendyol.com/baseus-w04,0
Xiaomi Redmi Buds 4,Mi Market,763.13,https://www.trendyol.com/xiaomi-redmi-buds4,0
JBL T110 Kulaklık,JBL Türkiye,338.99,https://www.trendyol.com/jbl-t110,1
Huawei Freebuds SE,Huawei Satıcısı,617.98,https://www.trendyol.com/huawei-freebuds-se,0
Huawei Freebuds SE,Huawei Satıcısı,378.68,https://www.trendyol.com/huawei-freebuds-se,0
Philips TAT1235BK,Philips Ses Sistemleri,581.07,https://www.trendyol.com/philips-tat1235,0
Philips TAT1235BK,Philips Ses Sistemleri,730.99,https://www.trendyol.com/philips-tat1235,0
Pioneer SE-C3T,Pioneer Ses,465.99,https://www.trendyol.com/pioneer-sec3t,0
